product_id,product_name,category,price,stock_quantity
1,Top,Fashion,453.16,118
2,Land,Books,499.75,159
3,Candidate,Home,65.27,106
4,Play,Books,154.16,21
5,There,Electronics,454.26,158
6,Anything,Toys,214.58,141
7,Yourself,Books,443.15,139
8,Security,Toys,455.39,49
9,Stuff,Fashion,377.34,41
10,Begin,Fashion,328.01,154
11,Enter,Fashion,384.84,10
12,People,Toys,196.36,43
13,Test,Fashion,131.81,183
14,Economic,Electronics,136.04,142
15,Media,Electronics,468.53,168
16,Manage,Home,495.25,104
17,Much,Home,75.58,70
18,Professional,Home,133.36,134
19,Fish,Books,382.74,134
20,Require,Books,493.74,84
21,Central,Home,446.82,97
22,Go,Books,41.93,43
23,Town,Home,17.85,69
24,Lead,Books,410.35,44
25,Part,Electronics,484.09,105
26,Industry,Electronics,130.39,46
27,Check,Fashion,34.52,78
28,Expect,Toys,77.93,84
29,Our,Fashion,434.88,163
30,Customer,Fashion,399.03,60
31,College,Electronics,202.81,151
32,Itself,Books,190.15,127
33,Woman,Fashion,235.32,176
34,Recently,Toys,360.42,27
35,Form,Electronics,262.07,163
36,During,Home,52.73,106
37,Partner,Electronics,365.21,46
38,And,Electronics,195.66,97
39,Speech,Fashion,212.16,48
40,Health,Fashion,241.76,151
41,Individual,Toys,108.11,120
42,Author,Fashion,132.49,103
43,Appear,Books,271.89,25
44,Answer,Home,429.67,167
45,Glass,Electronics,208.12,199
46,Life,Toys,65.25,106
47,But,Electronics,421.01,136
48,Garden,Fashion,69.29,114
49,Card,Books,95.7,78
50,Quality,Fashion,178.36,25
