user_id,first_name,last_name,email,signup_date,country
1,Katelyn,King,tmartinez@martinez.com,2025-12-12,Puerto Rico
2,Kenneth,James,stephaniereynolds@hotmail.com,2025-11-27,Eritrea
3,Nicholas,Finley,mjones@gmail.com,2026-01-23,Saint Helena
4,Christian,Thomas,patrickwilliams@williams.biz,2025-11-03,Sweden
5,Madeline,Owens,yterry@serrano-young.biz,2026-01-29,Croatia
6,Virginia,Hancock,kobrien@hotmail.com,2026-01-17,Tuvalu
7,Patricia,Price,fchan@yahoo.com,2025-11-03,Israel
8,Michelle,Blair,reedlogan@chavez.com,2026-01-23,Austria
9,Kelly,Brown,collinscarol@hotmail.com,2025-11-01,New Caledonia
10,Sherri,Johnson,cindy91@hotmail.com,2025-12-20,Canada
11,Joan,Ross,amanda25@pearson.com,2026-01-17,Cote d'Ivoire
12,Robert,Brown,grant73@moreno.com,2026-01-18,Dominica
13,Nicole,Williams,davisdeborah@gmail.com,2025-12-22,Andorra
14,Sharon,Quinn,coreytodd@wilson.com,2025-11-04,Puerto Rico
15,Andrea,Blake,maldonadojames@gmail.com,2025-12-19,Bulgaria
16,Christopher,Mcgrath,tcombs@hotmail.com,2025-11-25,Saint Kitts and Nevis
17,Heather,Robinson,erica30@walker.net,2026-01-19,Somalia
18,Cheryl,Ramos,jessicachung@yahoo.com,2025-11-13,France
19,Carolyn,Patton,stephanie14@hotmail.com,2025-11-13,Iceland
20,David,Davis,forbeslynn@weaver.com,2026-01-04,South Georgia and the South Sandwich Islands
21,Ashley,Braun,douglaswoodward@houston-sanchez.biz,2025-11-06,Turkey
22,Samantha,James,marymoore@hotmail.com,2026-01-11,Ghana
23,Shannon,Stanton,jamesfrost@hotmail.com,2026-01-11,Palestinian Territory
24,Patrick,Ramsey,cortezjohn@yahoo.com,2026-01-04,Czech Republic
25,David,Byrd,kimmichael@roberts-graves.org,2025-12-19,Haiti
26,Rachel,Thomas,burtonevan@smith.info,2025-11-09,Botswana
27,Megan,Atkins,clairechavez@hotmail.com,2026-01-23,French Southern Territories
28,Kevin,Garcia,richardgardner@erickson-frye.net,2025-11-29,Bhutan
29,Connie,Johnson,randallhernandez@decker-macdonald.com,2025-12-26,Paraguay
30,Daniel,Middleton,alexasmith@houston-sullivan.com,2026-01-05,Czech Republic
31,Barbara,Williams,garybradley@gmail.com,2025-11-05,Mozambique
32,Monica,Marquez,jennifer59@hotmail.com,2025-11-15,Gambia
33,Nicole,Walls,jillhill@lynn.info,2026-01-16,Bolivia
34,Cory,Blackwell,ksharp@mendez.biz,2025-11-18,Belarus
35,Clayton,Howell,michaelkennedy@hotmail.com,2026-01-01,Macao
36,Melissa,Mack,franciskathleen@moss.com,2025-12-19,Hong Kong
37,Michael,Hancock,john85@yahoo.com,2026-01-21,Liberia
38,Melissa,House,christopherforbes@gmail.com,2025-12-11,Hungary
39,Edward,Harrison,gentryjennifer@gmail.com,2025-11-24,British Virgin Islands
40,Douglas,Matthews,yblack@hotmail.com,2026-01-29,Gabon
41,Logan,Santos,howard48@carter.org,2025-11-01,Senegal
42,Brandon,Harrison,taylorwall@lopez-campbell.com,2025-12-02,Argentina
43,Christine,Nelson,bsanders@yahoo.com,2026-01-09,Japan
44,Heather,Holmes,oparker@hotmail.com,2025-11-07,Cayman Islands
45,Elizabeth,Johnson,vegaandrea@williams.biz,2025-11-15,Falkland Islands (Malvinas)
46,Christopher,Kelley,bishopvanessa@burns.com,2025-11-16,Saudi Arabia
47,Wendy,Massey,patrick63@gmail.com,2025-11-12,Monaco
48,Elizabeth,Harper,karen87@robinson.com,2025-12-16,Cambodia
49,Kimberly,Lambert,dennislisa@jackson.com,2025-12-19,Antigua and Barbuda
50,Vincent,Wilkinson,drakejustin@gmail.com,2026-01-02,New Caledonia
51,Gregory,Deleon,garciatheresa@luna-morrow.info,2025-12-05,Jordan
52,Lisa,Casey,courtney14@hotmail.com,2025-12-01,Lebanon
53,Theresa,Campbell,wnguyen@hotmail.com,2026-01-21,Myanmar
54,Brent,Torres,tuckerchristopher@yahoo.com,2025-12-18,Libyan Arab Jamahiriya
55,Daniel,Daniel,tracymunoz@fry-martinez.com,2025-12-23,Svalbard & Jan Mayen Islands
56,Rita,Mora,wilsonkenneth@lee.net,2025-11-17,Liechtenstein
57,Shirley,Collins,richard81@gmail.com,2026-01-28,Trinidad and Tobago
58,Daniel,Burns,anneshaw@walker.org,2026-01-27,Cuba
59,Sandra,Bailey,millerrebecca@yahoo.com,2025-12-29,Chad
60,Nancy,Smith,thomaswarren@walsh.org,2025-12-23,Uganda
61,Christopher,Coleman,jeffrey03@middleton.com,2026-01-20,Indonesia
62,Kristy,Moss,staffordvanessa@hernandez.com,2025-12-19,Libyan Arab Jamahiriya
63,Martin,Johnston,smyers@mccoy-jones.com,2025-12-13,Guam
64,Angela,Davis,patricia72@gmail.com,2025-11-05,Netherlands Antilles
65,Jennifer,Thomas,zfitzgerald@hotmail.com,2025-12-06,Guadeloupe
66,Jesse,Underwood,kcoleman@hotmail.com,2025-12-08,Mali
67,Jason,Mccarthy,gordonjoan@wade-rogers.com,2025-12-28,Montserrat
68,Crystal,Bray,fwatson@hotmail.com,2025-11-08,Niger
69,Leslie,Barnett,gregory78@yahoo.com,2026-01-07,Austria
70,Kelly,Tran,diana56@johnson.biz,2026-01-12,Belize
71,David,Robertson,sarah22@yahoo.com,2025-11-25,Mauritius
72,Jason,Ford,bbolton@yahoo.com,2025-12-13,Chad
73,Matthew,Taylor,taylorbenjamin@villanueva-kennedy.net,2025-11-10,Uruguay
74,Vincent,Hays,flucas@hotmail.com,2026-01-06,French Southern Territories
75,Cathy,Brown,ronniebenitez@yahoo.com,2025-12-22,Cocos (Keeling) Islands
76,Stephanie,Garcia,lauren49@hotmail.com,2025-11-19,Iraq
77,Peggy,Garza,timothyross@johnson-stokes.com,2025-12-09,Holy See (Vatican City State)
78,Leah,Rivera,baguilar@cummings.biz,2025-11-18,Botswana
79,Elizabeth,Jones,patriciacampbell@yahoo.com,2025-12-02,Nigeria
80,Claudia,Roach,dfisher@moore-chavez.org,2025-12-31,China
81,Eric,York,moorecathy@mcclure-morris.info,2026-01-13,Morocco
82,Jason,Whitehead,williamjefferson@schmidt-vega.com,2026-01-04,Bermuda
83,Jennifer,Martin,brandonrivas@manning.info,2026-01-20,Brazil
84,Matthew,Rasmussen,ymatthews@holt.com,2025-11-23,Philippines
85,Casey,Novak,rita55@lewis.info,2025-12-23,Solomon Islands
86,Kristine,Evans,jamesfields@guzman.biz,2025-11-24,Bulgaria
87,Tammy,Sanchez,janetschmitt@hotmail.com,2025-12-21,Benin
88,Justin,Tucker,stephenbennett@gmail.com,2026-01-25,Bahamas
89,Kathryn,Underwood,xsharp@hotmail.com,2025-11-29,Suriname
90,Bradley,Tucker,tyler54@bowen.biz,2025-11-28,Jamaica
91,John,Brown,deborahpowell@wagner.com,2025-11-21,Wallis and Futuna
92,Jacob,Woods,vmiller@hotmail.com,2026-01-13,Christmas Island
93,Michael,Wright,curtisbrandon@montes.info,2025-12-11,Finland
94,Jennifer,Lara,emoran@franklin.com,2025-12-16,South Georgia and the South Sandwich Islands
95,Jessica,Peterson,rodriguezcarl@yahoo.com,2026-01-01,Heard Island and McDonald Islands
96,Kathleen,Thomas,marissawilliams@johnson-black.org,2025-11-10,United States Minor Outlying Islands
97,Sandra,Ramirez,kflores@espinoza.com,2025-12-09,Guernsey
98,Kevin,Joseph,kristenfrazier@schmidt.com,2025-12-21,Maldives
99,Lisa,Maynard,chris43@daniels-patterson.org,2026-01-27,Thailand
100,Frank,Williams,sullivananthony@esparza-quinn.com,2025-12-12,Saint Lucia
